{"cameraMode":{"drawMode":0,"name":"Shaded","section":"Shading Mode"},"sceneLighting":true,"audioPlay":false,"sceneViewState":{"m_AlwaysRefresh":false,"showFog":true,"showSkybox":true,"showFlares":true,"showImageEffects":true,"showParticleSystems":true,"showVisualEffectGraphs":true,"m_FxEnabled":true},"in2DMode":false,"pivot":{"x":4.695705890655518,"y":4.823221683502197,"z":-3.4614384174346926},"rotation":{"x":0.24154993891716004,"y":-0.37227651476860049,"z":0.10098859667778015,"w":0.8904300332069397},"size":1.6964147090911866,"orthographic":false}